id;file_name;document_type;document_format;upload_dir
1;invoice infomediaries;BLOG;Palau viral;Soft Operations neural
2;navigate Maine hacking;ENTRY;Chicken Intelligent Cotton Car pricing structure;hard drive
3;Down-sized fault-tolerant Rustic;CV;AGP Cambridgeshire payment;Berkshire Credit Card Account Operations
4;clear-thinking copy;PROFILE;Metal;24/7 Steel Personal Loan Account
5;sensor Uzbekistan turn-key;PROFILE;Guyana array microchip;Gorgeous Soft Tuna Beauty
6;Shoes Health COM;ENTRY;New Mexico Unbranded Frozen Pants;New Mexico Small Plastic Gloves
7;Mozambique;BLOG;Buckinghamshire;tertiary stable Tuna
8;Bike;CV;Steel Estonia;Bulgarian Lev
9;calculate Persevering;CV;Rustic Concrete Gloves Cocos (Keeling) Islands benchmark;Fords
10;payment;PASSPORT;Industrial;Unbranded Frozen Chair Soap Practical Plastic Gloves
